modelo,categoria,prompt_id,repeticion,prompt_enviado,respuesta_texto
llama-2-7b-q8,math,111,1,"[Turn 1 Question]
The vertices of a triangle are at points (0, 0), (-1, 1), and (3, 3). What is the area of the triangle?","
The area of the triangle is 6.
The area of the triangle is 6. The area of the triangle is 6. The area of the triangle is 6. The area of the triangle is 6. The area of the triangle is 6. The area of the triangle is 6. The area of the triangle is 6. The area of the triangle is 6. The area of the triangle is 6. The area of the triangle is 6. The area of the triangle is 6. The area of the triangle is 6. The area of the triangle is 6. The area of the triangle is 6. The area of the triangle is 6. The area of the triangle is 6. The area of the triangle is 6. The area of the triangle is 6. The area of the triangle is 6. The area of the triangle is 6. The area of the triangle is 6. The area of the triangle is 6. The area of the triangle is 6. The area of the triangle is 6. The area of the triangle is 6. The area of the triangle is 6. The area of the triangle is 6. The area of the triangle is 6. The area of the triangle is 6. The area of the triangle is 6. The area of the triangle is 6. The area of the triangle is 6. The area of the triangle is 6. The area of the triangle is 6. The area of the triangle is 6. The area of the triangle is 6. The area of the triangle is 6. The area of the triangle is 6. The area of the triangle is 6. The area of the triangle is 6. The area of the triangle is 6. The area of the triangle is 6. The area of the triangle is 6. The area of the triangle is 6. The area of the triangle is 6. The area of the triangle is 6. The area of the triangle is 6. The area of the triangle is 6. The area of the triangle is 6. The area of the triangle is 6. The area of the triangle is 6. The area of the triangle is 6. The area of the triangle is 6. The area of the triangle is 6. The area of the triangle is 6. The area of the triangle is 6. The area of the triangle is 6. The area of the triangle is 6. The area of the triangle is 6. The area of the triangle is 6. The area of the triangle is 6. The area of the triangle is 6. The area of the triangle is 6. The area of the triangle is 6. The area of the triangle is 6. The area of the triangle is 6. The area of the triangle is 6. The area of the triangle is 6. The area of the triangle is 6. The area of the triangle is 6. The area of the triangle is 6. The area of the triangle is 6. The area of the triangle is 6. The area of the triangle is 6. The area of the triangle is 6. The area of the triangle is 6. The area of the triangle is 6. The area of the triangle is 6. The area of the triangle is 6. The area of the triangle is 6. The area of the triangle is 6. The area of the triangle is 6. The area of the triangle is 6. The area of the triangle is 6. The area of the triangle is 6. The area of the triangle is 6. The area of the triangle is 6. The area of the triangle is 6. The area of the triangle is 6. The area of the triangle is 6. The area of the triangle is 6. The area of the triangle is 6. The area of the triangle is 6. The area of the triangle is 6. The area of the triangle is 6. The area of the triangle is 6. The area of the triangle is 6. The area of the triangle is 6. The area of the triangle is 6. The area of the triangle is 6. The area of the triangle is 6. The area of the triangle is 6. The area of the triangle is 6. The area of the triangle is 6. The area of the triangle is 6. The area of the triangle is 6. The area of the triangle is 6. The area of the triangle is 6. The area of the triangle is 6. The area of the triangle is 6. The area of the triangle is 6. The area of the triangle is 6. The area of the triangle"
llama-2-7b-q8,math,112,1,"[Turn 1 Question]
A tech startup invests $8000 in software development in the first year, and then invests half of that amount in software development in the second year.
What's the total amount the startup invested in software development over the two years?","
A. $16,000
B. $12,000
C. $10,000
D. $8,000
E. $4,000
Re: [Turn 1 Question]
Postby 1234567890 » Mon Jan 28, 2019 1:02 pm
I think the answer is B.
Postby 1234567890 » Tue Jan 29, 2019 12:59 pm
I think the answer is C.
Postby 1234567890 » Wed Jan 30, 2019 12:59 pm
I think the answer is D.
Postby 1234567890 » Thu Jan 31, 2019 12:59 pm
I think the answer is E.
Postby 1234567890 » Fri Feb 01, 2019 12:59 pm
I think the answer is A.
Postby 1234567890 » Sat Feb 02, 2019 12:59 pm
I think the answer is B.
Postby 1234567890 » Sun Feb 03, 2019 12:59 pm
I think the answer is C.
Postby 1234567890 » Mon Feb 04, 2019 12:59 pm
I think the answer is D.
Postby 1234567890 » Tue Feb 05, 2019 12:59 pm
I think the answer is E.
Postby 1234567890 » Wed Feb 06, 2019 12:59 pm
I think the answer is A.
Postby 1234567890 » Thu Feb 07, 2019 12:59 pm
I think the answer is D.
Postby 1234567890 » Fri Feb 08, 2019 12:59 pm
I think the answer is E.
Postby 1234567890 » Sat Feb 09, 2019 12:59 pm
I think the answer is A.
Postby 1234567890 » Sun Feb 10, 2019 12:59 pm
I think the answer is B.
Postby 1234567890 » Mon Feb 11, 2019 12:59 pm
I think the answer is C.
Postby 1234567890 » Tue Feb 12, 2019 12:59 pm
I think the answer is D.
Postby 1234567890 » Wed Feb 13, 2019 12:59 pm
I think the answer is E.
Postby 1234567890 » Thu Feb 14, 2019 12:59 pm
I think the answer is A.
Postby 1234567890 » Fri Feb 15, 2019 12:59 pm
I think the answer is C.
Postby 1234567890 » Sat Feb 16, 2019 12:59 pm
I think the answer is D.
Postby 1234567890 » Sun Feb 17, 2019 12:59 pm
I think the answer is E.
Postby 1234567890 » Mon Feb 18, 2019 12:59 pm
I think the answer is B.
Postby 1234567890 » Tue Feb 19, 2019 12:59 pm
I think the answer is A.
Postby 1234567890 » Wed Feb "
llama-2-7b-q8,math,113,1,"[Turn 1 Question]
In a survey conducted at a local high school, preferences for a new school color were measured: 58% of students liked the color blue, 45% preferred green, and 22% liked both colors. If we randomly pick a student from the school, what's the probability that they would like neither blue nor green?","
I'm not sure how to approach this question. I know that the probability of picking a student who likes neither color is 22%, but I'm not sure how to calculate the probability of picking a student who likes both colors.
Re: [Turn 1 Question]
Postby 1234567890 » Mon May 14, 2018 1:52 pm
I think you can use the binomial distribution to calculate the probability of picking a student who likes both colors.
Postby 1234567890 » Tue May 15, 2018 12:02 pm
I'm not sure how to use the binomial distribution to calculate the probability of picking a student who likes both colors.
Postby 1234567890 » Tue May 15, 2018 1:02 pm
I'm not sure how to use the binomial distribution to calculate the probability of picking a student who likes both colors. I'm not sure how to use the binomial distribution to calculate the probability of picking a student who likes both colors.
Postby 1234567890 » Wed May 16, 2018 12:02 pm
I'm not sure how to use the binomial distribution to calculate the probability of picking a student who likes both colors. I'm not sure how to use the binomial distribution to calculate the probability of picking a student who likes both colors. I'm not sure how to use the binomial distribution to calculate the probability of picking a student who likes both colors.
Postby 1234567890 » Thu May 17, 2018 12:02 pm
I'm not sure how to use the binomial distribution to calculate the probability of picking a student who likes both colors. I'm not sure how to use the binomial distribution to calculate the probability of picking a student who likes both colors. I'm not sure how to use the binomial distribution to calculate the probability of picking a student who likes both colors. I'm not sure how to use the binomial distribution to calculate the probability of picking a student who likes both colors. I'm not sure how to use the binomial distribution to calculate the probability of picking a student who likes both colors. I'm not sure how to use the binomial distribution to calculate the probability of picking a student who likes both colors. I'm not sure how to use the binomial distribution to calculate the probability of picking a student who likes both colors. I'm not sure how to use the binomial distribution to calculate the probability of picking a student who likes both colors. I'm not sure how to use the binomial distribution to calculate the probability of picking a student who likes both colors. I'm not sure how to use the binomial distribution to calculate the probability of picking a student who likes both colors. I'm not sure how to use the binomial distribution to calculate the probability of picking a student who likes both colors. I'm not sure how to use the binomial distribution to calculate the probability of picking a student who likes both colors. I'm not sure how to use the binomial distribution to calculate the probability of picking a student who likes both colors. I'm not sure how to use the binomial distribution to calculate the probability of picking a student who likes both colors. I'm not sure how to use the binomial distribution to calculate the probability of picking a student who likes both colors. I'm not sure how to use the binomial distribution to calculate the probability of picking a student who likes both colors. I'm not sure how to use the binomial distribution to calculate the probability of picking a student who likes both colors. I'm not sure how to use the binomial distribution to calculate the probability of picking a student who likes both colors. I'm not sure how to use the binomial distribution to calculate the probability of picking a student who likes both colors. I'm not sure how to use the binomial distribution to calculate the probability of picking a student who likes both colors. I'm not sure how to use the binomial distribution to calculate the probability of picking a student who likes both colors. I'm not sure how to use the binomial distribution to calculate the probability of picking a student who likes both colors. I'm not sure how to use the bin"
llama-2-7b-q8,math,114,1,"[Turn 1 Question]
When rolling two dice, what is the probability that you roll a total number that is at least 3?","
[Turn 2 Question]
When rolling two dice, what is the probability that you roll a total number that is at least 3 and at most 5?
When rolling two dice, what is the probability that you roll a total number that is at least 3 and at most 5, and at least 2 and at most 4?
When rolling two dice, what is the probability that you roll a total number that is at least 3 and at most 5, and at least 2 and at most 4, and at least 1 and at most 3?
When rolling two dice, what is the probability that you roll a total number that is at least 3 and at most 5, and at least 2 and at most 4, and at least 1 and at most 3, and at least 0 and at most 2?
When rolling two dice, what is the probability that you roll a total number that is at least 3 and at most 5, and at least 2 and at most 4, and at least 1 and at most 3, and at least 0 and at most 2, and at least 0 and at most 1?
When rolling two dice, what is the probability that you roll a total number that is at least 3 and at most 5, and at least 2 and at most 4, and at least 1 and at most 3, and at least 0 and at most 2, and at least 0 and at most 1, and at least 0 and at most 0?
When rolling two dice, what is the probability that you roll a total number that is at least 3 and at most 5, and at least 2 and at most 4, and at least 1 and at most 3, and at least 0 and at most 2, and at least 0 and at most 1, and at least 0 and at most 0, and at least 0 and at most 0?
When rolling two dice, what is the probability that you roll a total number that is at least 3 and at most 5, and at least 2 and at most 4, and at least 1 and at most 3, and at least 0 and at most 2, and at least 0 and at most 1, and at least 0 and at most 0, and at least 0 and at most 0, and at least 0 and at most 0?
When rolling two dice, what is the probability that you roll a total number that is at least 3 and at most 5, and at least 2 and at most 4, and at least 1 and at most 3, and at least 0 and at most 2, and at least 0 and at most 1, and at least 0 and at most 0, and at least 0 and at most 0, and at least 0 and at most 0, and at least 0 and at most 0?
When rolling two dice, what is the probability that you roll a total number that is at least 3 and at most 5, and at least 2 and at most 4, and at least 1 and at most 3, and at least 0 and at most 2, and at least 0 and at most 1, and at least 0 and at most 0, and at least 0 and at most 0, and at least 0 and at most 0, and at least 0 and at most 0, and at least 0 and at most 0?
When rolling two dice, what is the probability that you roll a total number that is at least 3 and at most 5, and at least 2 and at most 4, and at least 1 and at most 3, and at least 0 and at most 2, and at least 0 and at most 1, and at least 0 and at most 0, and at least 0 and at most 0, and at least 0 and at most 0, and at least 0 and at most 0, and at least 0 and at most 0, and at least 0 and at most 0?
When rolling two dice, what is the probability that you roll a total number that is at least 3 and at most 5, and at least 2 and at most 4, and at least 1 and at most 3, and at least 0 and at most 2, and at least 0 and at most 1, and at least 0 and at most 0, and at least 0 and at most 0, and at least 0 and at most 0"
llama-2-7b-q8,math,115,1,"[Turn 1 Question]
Some people got on a bus at the terminal. At the first bus stop, half of the people got down and 4 more people got in. Then at the second bus stop, 6 people got down and 8 more got in. If there were a total of 25 people heading to the third stop, how many people got on the bus at the terminal?","
Re: [Turn 1 Question]
Post by jayjay » Mon Jan 28, 2013 12:02 pm
I think the answer is 10.
Post by jayjay » Mon Jan 28, 2013 1:02 pm
I think the answer is 10. I'm not sure if I'm right, but I'm pretty sure that's the answer.
Post by jayjay » Tue Jan 29, 2013 12:02 pm
I think the answer is 10. I'm not sure if I'm right, but I'm pretty sure that's the answer. I'm not sure if I'm right, but I'm pretty sure that's the answer.
Post by jayjay » Tue Jan 29, 2013 1:02 pm
I think the answer is 10. I'm not sure if I'm right, but I'm pretty sure that's the answer. I'm not sure if I'm right, but I'm pretty sure that's the answer. I'm not sure if I'm right, but I'm pretty sure that's the answer.
Post by jayjay » Wed Jan 30, 2013 12:02 pm
I think the answer is 10. I'm not sure if I'm right, but I'm pretty sure that's the answer. I'm not sure if I'm right, but I'm pretty sure that's the answer. I'm not sure if I'm right, but I'm pretty sure that's the answer. I'm not sure if I'm right, but I'm pretty sure that's the answer. I'm not sure if I'm right, but I'm pretty sure that's the answer. I'm not sure if I'm right, but I'm pretty sure that's the answer. I'm not sure if I'm right, but I'm pretty sure that's the answer. I'm not sure if I'm right, but I'm pretty sure that's the answer. I'm not sure if I'm right, but I'm pretty sure that's the answer. I'm not sure if I'm right, but I'm pretty sure that's the answer. I'm not sure if I'm right, but I'm pretty sure that's the answer. I'm not sure if I'm right, but I'm pretty sure that's the answer. I'm not sure if I'm right, but I'm pretty sure that's the answer. I'm not sure if I'm right, but I'm pretty sure that's the answer. I'm not sure if I'm right, but I'm pretty sure that's the answer. I'm not sure if I'm right, but I'm pretty sure that's the answer. I'm not sure if I'm right, but I'm pretty sure that's the answer. I'm not sure if I'm right, but I'm pretty sure that's the answer. I'm not sure if I'm right, but I'm pretty sure that's the answer. I'm not sure if I'm right, but I'm pretty sure that's the answer. I'm not sure if I'm right, but I'm pretty sure that's the answer. I'm not sure if I'm right, but I'm pretty sure that's the answer. I'm not sure if I'm right, but I'm pretty sure that's the answer. I'm not sure if I'm right, but I'm pretty sure that's the answer. I'm not sure if I'm right, but I'm pretty sure that's the answer. I'm not sure if I'm right, but I'm pretty sure that's the answer. I'm not sure if I'm right, but I'm pretty sure that's the answer. I'm not sure if I'm right, but I'm pretty sure that's the answer. I'm not sure if I'm right, but I'm pretty sure that's the answer. I'm not sure if I'm right, but I'm pretty sure that's the answer. I'm not sure if I"
